{"A":{"Reliability (R)":{"2":0.45,"3":0.45,"4":0.05,"5":0.05},"Number of links (L)":{"7":0.064285714285714,"16":0.11428571428571,"9":0.064285714285714,"14":0.064285714285714,"11":0.11428571428571,"12":0.064285714285714,"10":0.064285714285714,"13":0.11428571428571,"15":0.11428571428571,"17":0.11428571428571,"18":0.064285714285714,"8":0.014285714285714,"19":0.014285714285714,"20":0.014285714285714},"Capacity (Ca)":{"High":0.21666666666667,"Medium":0.61666666666667,"Low":0.16666666666667},"Costo (Co)":{"High":0.41666666666667,"Low":0.36666666666667,"Medium":0.21666666666667},"veces_en_tabla":16},"B":{"Reliability (R)":{"5":0.30434782608696,"4":0.60869565217391,"2":0.043478260869565,"3":0.043478260869565},"Number of links (L)":{"19":0.4472049689441,"18":0.3167701863354,"17":0.055900621118012,"20":0.055900621118012,"7":0.012422360248447,"8":0.012422360248447,"9":0.012422360248447,"10":0.012422360248447,"11":0.012422360248447,"12":0.012422360248447,"13":0.012422360248447,"14":0.012422360248447,"15":0.012422360248447,"16":0.012422360248447},"Capacity (Ca)":{"High":0.53623188405797,"Medium":0.40579710144928,"Low":0.057971014492754},"Costo (Co)":{"Medium":0.18840579710145,"High":0.7536231884058,"Low":0.057971014492754},"veces_en_tabla":19},"total_en_tabla":35}