{"ACOMODADOR":{"EC":{"15":0.26255707762557,"14":0.16666666666667,"17":0.057077625570776,"18":0.04337899543379,"19":0.015981735159817,"16":0.20776255707763,"13":0.15296803652968,"21":0.015981735159817,"11":0.015981735159817,"12":0.029680365296804,"6":0.0022831050228311,"7":0.0022831050228311,"8":0.0022831050228311,"9":0.0022831050228311,"10":0.0022831050228311,"20":0.0022831050228311,"22":0.0022831050228311,"23":0.0022831050228311,"24":0.0022831050228311},"OR":{"12":0.12557077625571,"13":0.22146118721461,"15":0.22146118721461,"16":0.04337899543379,"11":0.029680365296804,"14":0.28995433789954,"10":0.015981735159817,"17":0.015981735159817,"6":0.0022831050228311,"7":0.0022831050228311,"8":0.0022831050228311,"9":0.0022831050228311,"18":0.0022831050228311,"19":0.0022831050228311,"20":0.0022831050228311,"21":0.0022831050228311,"22":0.0022831050228311,"23":0.0022831050228311,"24":0.0022831050228311},"CA":{"15":0.15296803652968,"13":0.15296803652968,"11":0.04337899543379,"16":0.16666666666667,"19":0.015981735159817,"7":0.015981735159817,"12":0.070776255707763,"14":0.22146118721461,"17":0.084474885844749,"10":0.015981735159817,"9":0.029680365296804,"6":0.0022831050228311,"8":0.0022831050228311,"18":0.0022831050228311,"20":0.0022831050228311,"21":0.0022831050228311,"22":0.0022831050228311,"23":0.0022831050228311,"24":0.0022831050228311},"EA":{"19":0.26255707762557,"21":0.11187214611872,"20":0.24885844748858,"22":0.12557077625571,"18":0.15296803652968,"17":0.029680365296804,"16":0.015981735159817,"24":0.015981735159817,"6":0.0022831050228311,"7":0.0022831050228311,"8":0.0022831050228311,"9":0.0022831050228311,"10":0.0022831050228311,"11":0.0022831050228311,"12":0.0022831050228311,"13":0.0022831050228311,"14":0.0022831050228311,"15":0.0022831050228311,"23":0.0022831050228311},"veces_en_tabla":69},"DIVERGENTE":{"EC":{"17":0.19940476190476,"13":0.056547619047619,"19":0.056547619047619,"15":0.2172619047619,"16":0.18154761904762,"21":0.020833333333333,"14":0.12797619047619,"18":0.038690476190476,"12":0.056547619047619,"6":0.0029761904761905,"7":0.0029761904761905,"8":0.0029761904761905,"9":0.0029761904761905,"10":0.0029761904761905,"11":0.0029761904761905,"20":0.0029761904761905,"22":0.0029761904761905,"23":0.0029761904761905,"24":0.0029761904761905},"OR":{"19":0.14583333333333,"17":0.19940476190476,"16":0.12797619047619,"15":0.074404761904762,"18":0.18154761904762,"21":0.074404761904762,"14":0.056547619047619,"20":0.038690476190476,"23":0.020833333333333,"13":0.020833333333333,"28":0.020833333333333,"6":0.0029761904761905,"7":0.0029761904761905,"8":0.0029761904761905,"9":0.0029761904761905,"10":0.0029761904761905,"11":0.0029761904761905,"12":0.0029761904761905,"22":0.0029761904761905,"24":0.0029761904761905},"CA":{"16":0.14583333333333,"15":0.12797619047619,"11":0.11011904761905,"17":0.18154761904762,"12":0.074404761904762,"14":0.12797619047619,"9":0.020833333333333,"10":0.038690476190476,"19":0.020833333333333,"13":0.11011904761905,"6":0.0029761904761905,"7":0.0029761904761905,"8":0.0029761904761905,"18":0.0029761904761905,"20":0.0029761904761905,"21":0.0029761904761905,"22":0.0029761904761905,"23":0.0029761904761905,"24":0.0029761904761905},"EA":{"18":0.12797619047619,"17":0.16369047619048,"16":0.2172619047619,"13":0.092261904761905,"15":0.11011904761905,"12":0.056547619047619,"14":0.074404761904762,"9":0.020833333333333,"20":0.020833333333333,"19":0.020833333333333,"11":0.038690476190476,"22":0.020833333333333,"6":0.0029761904761905,"7":0.0029761904761905,"8":0.0029761904761905,"10":0.0029761904761905,"21":0.0029761904761905,"23":0.0029761904761905,"24":0.0029761904761905},"veces_en_tabla":52},"ASIMILADOR":{"EC":{"13":0.13703703703704,"11":0.2037037037037,"14":0.18148148148148,"16":0.025925925925926,"10":0.07037037037037,"12":0.2037037037037,"8":0.048148148148148,"15":0.048148148148148,"9":0.025925925925926,"6":0.0037037037037037,"7":0.0037037037037037,"17":0.0037037037037037,"18":0.0037037037037037,"19":0.0037037037037037,"20":0.0037037037037037,"21":0.0037037037037037,"22":0.0037037037037037,"23":0.0037037037037037,"24":0.0037037037037037},"OR":{"20":0.07037037037037,"17":0.092592592592593,"18":0.24814814814815,"16":0.13703703703704,"23":0.048148148148148,"15":0.092592592592593,"19":0.11481481481481,"21":0.025925925925926,"12":0.025925925925926,"14":0.07037037037037,"22":0.025925925925926,"6":0.0037037037037037,"7":0.0037037037037037,"8":0.0037037037037037,"9":0.0037037037037037,"10":0.0037037037037037,"11":0.0037037037037037,"13":0.0037037037037037,"24":0.0037037037037037},"CA":{"19":0.22592592592593,"21":0.07037037037037,"17":0.18148148148148,"20":0.092592592592593,"16":0.07037037037037,"15":0.048148148148148,"18":0.15925925925926,"24":0.07037037037037,"14":0.025925925925926,"6":0.0037037037037037,"7":0.0037037037037037,"8":0.0037037037037037,"9":0.0037037037037037,"10":0.0037037037037037,"11":0.0037037037037037,"12":0.0037037037037037,"13":0.0037037037037037,"22":0.0037037037037037,"23":0.0037037037037037},"EA":{"13":0.092592592592593,"14":0.15925925925926,"19":0.07037037037037,"12":0.11481481481481,"11":0.048148148148148,"16":0.13703703703704,"17":0.11481481481481,"15":0.11481481481481,"18":0.07037037037037,"20":0.025925925925926,"6":0.0037037037037037,"7":0.0037037037037037,"8":0.0037037037037037,"9":0.0037037037037037,"10":0.0037037037037037,"21":0.0037037037037037,"22":0.0037037037037037,"23":0.0037037037037037,"24":0.0037037037037037},"veces_en_tabla":41},"CONVERGENTE":{"EC":{"12":0.17447916666667,"10":0.14322916666667,"15":0.080729166666667,"13":0.17447916666667,"11":0.11197916666667,"14":0.19010416666667,"9":0.049479166666667,"7":0.018229166666667,"8":0.018229166666667,"6":0.0026041666666667,"16":0.0026041666666667,"17":0.0026041666666667,"18":0.0026041666666667,"19":0.0026041666666667,"20":0.0026041666666667,"21":0.0026041666666667,"22":0.0026041666666667,"23":0.0026041666666667,"24":0.0026041666666667},"OR":{"14":0.22135416666667,"13":0.12760416666667,"12":0.15885416666667,"18":0.018229166666667,"15":0.14322916666667,"11":0.065104166666667,"9":0.033854166666667,"10":0.11197916666667,"16":0.065104166666667,"8":0.018229166666667,"6":0.0026041666666667,"7":0.0026041666666667,"17":0.0026041666666667,"19":0.0026041666666667,"20":0.0026041666666667,"21":0.0026041666666667,"22":0.0026041666666667,"23":0.0026041666666667,"24":0.0026041666666667},"CA":{"18":0.19010416666667,"20":0.11197916666667,"17":0.26822916666667,"16":0.11197916666667,"14":0.033854166666667,"19":0.12760416666667,"21":0.049479166666667,"22":0.049479166666667,"15":0.018229166666667,"6":0.0026041666666667,"7":0.0026041666666667,"8":0.0026041666666667,"9":0.0026041666666667,"10":0.0026041666666667,"11":0.0026041666666667,"12":0.0026041666666667,"13":0.0026041666666667,"23":0.0026041666666667,"24":0.0026041666666667},"EA":{"21":0.12760416666667,"22":0.065104166666667,"15":0.033854166666667,"19":0.19010416666667,"20":0.17447916666667,"18":0.22135416666667,"17":0.065104166666667,"24":0.033854166666667,"23":0.018229166666667,"16":0.033854166666667,"6":0.0026041666666667,"7":0.0026041666666667,"8":0.0026041666666667,"9":0.0026041666666667,"10":0.0026041666666667,"11":0.0026041666666667,"12":0.0026041666666667,"13":0.0026041666666667,"14":0.0026041666666667},"veces_en_tabla":60},"total_en_tabla":222}