{"ACOMODADOR":{"Sexo":{"M":0.67647058823529,"F":0.32352941176471},"Recinto":{"Paraiso":0.5,"Turrialba":0.5},"Promedio":{"8.17":0.059175766114829,"7":0.11799929552659,"7.82":0.059175766114829,"7.75":0.059175766114829,"7.09":0.059175766114829,"8.5":0.059175766114829,"7.72":0.059175766114829,"7.5":0.059175766114829,"7.2":0.059175766114829,"6.57":0.059175766114829,"7.63":0.059175766114829,"8.23":0.059175766114829,"8.64":0.059175766114829,"5":0.00035223670306446,"6":0.00035223670306446,"8":0.00035223670306446,"9":0.00035223670306446,"10":0.00035223670306446},"veces_en_tabla":14},"DIVERGENTE":{"Sexo":{"M":0.89583333333333,"F":0.10416666666667},"Recinto":{"Paraiso":0.47916666666667,"Turrialba":0.52083333333333},"Promedio":{"6.33":0.041916167664671,"7.07":0.041916167664671,"7.53":0.041916167664671,"8":0.083582834331337,"7.41":0.041916167664671,"8.5":0.041916167664671,"8.41":0.041916167664671,"8.11":0.041916167664671,"7.68":0.041916167664671,"7.94":0.041916167664671,"8.13":0.041916167664671,"7.83":0.041916167664671,"7.13":0.041916167664671,"8.06":0.041916167664671,"7.39":0.041916167664671,"7.62":0.041916167664671,"7.44":0.041916167664671,"7.75":0.041916167664671,"7.34":0.041916167664671,"7.69":0.041916167664671,"5":0.00024950099800399,"6":0.00024950099800399,"7":0.00024950099800399,"9":0.00024950099800399,"10":0.00024950099800399},"veces_en_tabla":21},"ASIMILADOR":{"Sexo":{"M":0.76086956521739,"F":0.23913043478261},"Recinto":{"Turrialba":0.45652173913043,"Paraiso":0.54347826086957},"Promedio":{"6.6":0.043738609737048,"7.77":0.043738609737048,"7":0.087216870606613,"7.9":0.043738609737048,"7.5":0.043738609737048,"7.4":0.043738609737048,"7.25":0.087216870606613,"6.14":0.043738609737048,"7.72":0.043738609737048,"8":0.043738609737048,"8.83":0.043738609737048,"8.5":0.043738609737048,"7.33":0.043738609737048,"7.84":0.043738609737048,"8.29":0.043738609737048,"8.79":0.043738609737048,"7.3":0.043738609737048,"9":0.043738609737048,"5":0.00026034886748243,"6":0.00026034886748243,"10":0.00026034886748243},"veces_en_tabla":20},"CONVERGENTE":{"Sexo":{"M":0.77083333333333,"F":0.22916666666667},"Recinto":{"Turrialba":0.52083333333333,"Paraiso":0.47916666666667},"Promedio":{"7.87":0.041916167664671,"7.2":0.041916167664671,"7.54":0.041916167664671,"8.06":0.083582834331337,"7.72":0.041916167664671,"7.5":0.041916167664671,"7.86":0.041916167664671,"6.62":0.041916167664671,"6.88":0.041916167664671,"7.63":0.041916167664671,"8.63":0.041916167664671,"7.32":0.041916167664671,"7.78":0.041916167664671,"7.14":0.041916167664671,"8":0.041916167664671,"8.39":0.041916167664671,"7.43":0.041916167664671,"8.43":0.041916167664671,"7.8":0.041916167664671,"8.83":0.041916167664671,"5":0.00024950099800399,"6":0.00024950099800399,"7":0.00024950099800399,"9":0.00024950099800399,"10":0.00024950099800399},"veces_en_tabla":21},"asimilador":{"Sexo":{"M":0.625,"F":0.375},"Recinto":{"Turrialba":0.625,"Paraiso":0.375},"Promedio":{"":0.25149700598802,"5":0.001497005988024,"6":0.001497005988024,"7":0.001497005988024,"8":0.001497005988024,"9":0.001497005988024,"10":0.001497005988024},"veces_en_tabla":1},"total_en_tabla":77}