{"Paraiso":{"Sexo":{"M":0.71951219512195,"F":0.28048780487805},"Estilo":{"ACOMODADOR":0.1890243902439,"DIVERGENTE":0.26219512195122,"ASIMILADOR":0.28658536585366,"CONVERGENTE":0.26219512195122},"Promedio":{"8.17":0.024536293267124,"6.33":0.024536293267124,"7.07":0.024536293267124,"7.53":0.024536293267124,"7":0.097707024974441,"8":0.024536293267124,"7.9":0.024536293267124,"7.4":0.024536293267124,"7.41":0.024536293267124,"7.2":0.024536293267124,"7.82":0.024536293267124,"7.25":0.024536293267124,"8.06":0.048926537169563,"6.14":0.024536293267124,"7.72":0.048926537169563,"7.68":0.024536293267124,"7.5":0.048926537169563,"7.86":0.024536293267124,"8.5":0.048926537169563,"7.63":0.024536293267124,"7.32":0.024536293267124,"7.39":0.024536293267124,"7.78":0.024536293267124,"7.62":0.024536293267124,"7.34":0.024536293267124,"7.33":0.024536293267124,"8.29":0.024536293267124,"8.79":0.024536293267124,"7.43":0.024536293267124,"8.43":0.024536293267124,"9":0.024536293267124,"5":0.00014604936468526,"6":0.00014604936468526,"10":0.00014604936468526},"veces_en_tabla":38},"Turrialba":{"Sexo":{"M":0.89285714285714,"F":0.10714285714286},"Estilo":{"ASIMILADOR":0.23214285714286,"CONVERGENTE":0.2797619047619,"DIVERGENTE":0.2797619047619,"ACOMODADOR":0.18452380952381,"asimilador":0.041666666666667},"Promedio":{"6.6":0.023952095808383,"7.77":0.023952095808383,"7.87":0.023952095808383,"7.5":0.023952095808383,"8.5":0.023952095808383,"7.54":0.023952095808383,"8.41":0.023952095808383,"8.11":0.023952095808383,"7.75":0.047761619617907,"7.09":0.023952095808383,"7.94":0.023952095808383,"6.62":0.023952095808383,"8.13":0.023952095808383,"6.88":0.023952095808383,"7.83":0.023952095808383,"7.13":0.023952095808383,"8.63":0.023952095808383,"7.25":0.023952095808383,"7.72":0.023952095808383,"8":0.071571143427431,"8.83":0.047761619617907,"8.06":0.023952095808383,"7.14":0.023952095808383,"7.44":0.023952095808383,"":0.023952095808383,"7.84":0.023952095808383,"8.39":0.023952095808383,"7.8":0.023952095808383,"7.2":0.023952095808383,"7.3":0.023952095808383,"6.57":0.023952095808383,"7.63":0.023952095808383,"7.69":0.023952095808383,"8.23":0.023952095808383,"8.64":0.023952095808383,"5":0.00014257199885942,"6":0.00014257199885942,"7":0.00014257199885942,"9":0.00014257199885942,"10":0.00014257199885942},"veces_en_tabla":39},"total_en_tabla":77}