{"M":{"Recinto":{"Paraiso":0.44029850746269,"Turrialba":0.55970149253731},"Estilo":{"ACOMODADOR":0.16044776119403,"DIVERGENTE":0.30970149253731,"ASIMILADOR":0.25,"CONVERGENTE":0.26492537313433,"asimilador":0.026119402985075},"Promedio":{"8.17":0.015014746626151,"6.33":0.015014746626151,"7.07":0.015014746626151,"6.6":0.015014746626151,"7.87":0.015014746626151,"7":0.044865492894807,"8":0.059790866029136,"7.9":0.015014746626151,"7.5":0.029940119760479,"7.41":0.015014746626151,"8.5":0.029940119760479,"7.54":0.015014746626151,"8.41":0.015014746626151,"8.11":0.015014746626151,"8.06":0.044865492894807,"7.75":0.029940119760479,"7.09":0.015014746626151,"6.14":0.015014746626151,"7.72":0.044865492894807,"7.68":0.015014746626151,"7.94":0.015014746626151,"7.86":0.015014746626151,"6.62":0.015014746626151,"8.13":0.015014746626151,"7.83":0.015014746626151,"7.13":0.015014746626151,"7.63":0.015014746626151,"8.63":0.015014746626151,"7.25":0.015014746626151,"7.39":0.015014746626151,"7.78":0.015014746626151,"7.62":0.015014746626151,"8.83":0.029940119760479,"7.14":0.015014746626151,"7.44":0.015014746626151,"7.34":0.015014746626151,"7.33":0.015014746626151,"":0.015014746626151,"7.84":0.015014746626151,"8.29":0.015014746626151,"8.79":0.015014746626151,"8.39":0.015014746626151,"7.43":0.015014746626151,"8.43":0.015014746626151,"7.8":0.015014746626151,"7.2":0.015014746626151,"7.3":0.015014746626151,"6.57":0.015014746626151,"7.69":0.015014746626151,"8.23":0.015014746626151,"8.64":0.015014746626151,"5":8.9373491822325e-5,"6":8.9373491822325e-5,"9":8.9373491822325e-5,"10":8.9373491822325e-5},"veces_en_tabla":64},"F":{"Recinto":{"Turrialba":0.28125,"Paraiso":0.71875},"Estilo":{"ASIMILADOR":0.296875,"DIVERGENTE":0.109375,"CONVERGENTE":0.296875,"ACOMODADOR":0.296875},"Promedio":{"7.77":0.062874251497006,"7.53":0.062874251497006,"7.4":0.062874251497006,"7.2":0.062874251497006,"7.82":0.062874251497006,"7.25":0.062874251497006,"7.5":0.062874251497006,"6.88":0.062874251497006,"8.5":0.062874251497006,"7":0.062874251497006,"7.32":0.062874251497006,"9":0.062874251497006,"7.63":0.062874251497006,"5":0.00037425149700599,"6":0.00037425149700599,"8":0.00037425149700599,"10":0.00037425149700599},"veces_en_tabla":13},"total_en_tabla":77}