{"Beginner":{"A":{"3":0.68627450980392,"1":0.15686274509804,"2":0.15686274509804},"B":{"F":0.3921568627451,"NA":0.27450980392157,"M":0.33333333333333},"C":{"I":0.45098039215686,"B":0.3921568627451,"A":0.15686274509804},"D":{"1":0.3921568627451,"2":0.33333333333333,"3":0.27450980392157},"E":{"ND":0.33333333333333,"DM":0.45098039215686,"O":0.2156862745098},"F":{"A":0.3921568627451,"H":0.27450980392157,"L":0.33333333333333},"G":{"N":0.27450980392157,"S":0.33333333333333,"O":0.3921568627451},"H":{"S":0.3921568627451,"N":0.33333333333333,"O":0.27450980392157},"veces_en_tabla":9},"Intermediate":{"A":{"1":0.61904761904762,"2":0.19047619047619,"3":0.19047619047619},"B":{"M":0.33333333333333,"NA":0.4047619047619,"N":0.26190476190476,"F":0.19047619047619},"C":{"I":0.33333333333333,"B":0.4047619047619,"A":0.26190476190476},"D":{"3":0.4047619047619,"1":0.33333333333333,"2":0.26190476190476},"E":{"ND":0.33333333333333,"O":0.47619047619048,"DM":0.19047619047619},"F":{"H":0.4047619047619,"A":0.4047619047619,"L":0.19047619047619},"G":{"S":0.33333333333333,"N":0.26190476190476,"O":0.4047619047619},"H":{"S":0.33333333333333,"O":0.4047619047619,"N":0.26190476190476},"veces_en_tabla":6},"Advanced":{"A":{"2":0.58974358974359,"1":0.20512820512821,"3":0.20512820512821},"B":{"F":0.43589743589744,"NA":0.28205128205128,"M":0.28205128205128},"C":{"I":0.43589743589744,"A":0.35897435897436,"B":0.20512820512821},"D":{"3":0.35897435897436,"2":0.35897435897436,"1":0.28205128205128},"E":{"O":0.35897435897436,"ND":0.35897435897436,"DM":0.28205128205128},"F":{"H":0.43589743589744,"L":0.35897435897436,"A":0.20512820512821},"G":{"S":0.43589743589744,"N":0.28205128205128,"O":0.28205128205128},"H":{"O":0.28205128205128,"S":0.43589743589744,"N":0.28205128205128},"veces_en_tabla":5},"total_en_tabla":20}